<?xml version='1.0' encoding='utf-8'?>
<project xmlns:ns1="http://www.plcopen.org/xml/tc6.xsd" xmlns:xhtml="http://www.w3.org/1999/xhtml" xmlns:xsd="http://www.w3.org/2001/XMLSchema" xmlns="http://www.plcopen.org/xml/tc6_0201">
  <fileHeader companyName="Unknown" productName="Unnamed" productVersion="1" creationDateTime="2021-04-14T09:25:10"/>
  <contentHeader name="Unnamed" modificationDateTime="2021-04-15T13:57:24">
    <coordinateInfo>
      <fbd>
        <scaling x="10" y="10"/>
      </fbd>
      <ld>
        <scaling x="10" y="10"/>
      </ld>
      <sfc>
        <scaling x="10" y="10"/>
      </sfc>
    </coordinateInfo>
  </contentHeader>
  <types>
    <dataTypes/>
    <pous>
      <pou name="program0" pouType="program">
        <interface>
          <localVars>
            <variable name="K1" address="%QW113">
              <type>
                <WORD/>
              </type>
            </variable>
            <variable name="K2" address="%QW114">
              <type>
                <WORD/>
              </type>
            </variable>
            <variable name="K3" address="%QW115">
              <type>
                <WORD/>
              </type>
            </variable>
            <variable name="K4" address="%QW116">
              <type>
                <WORD/>
              </type>
            </variable>
            <variable name="AI1" address="%IW101">
              <type>
                <WORD/>
              </type>
            </variable>
            <variable name="AI2" address="%IW102">
              <type>
                <WORD/>
              </type>
            </variable>
            <variable name="AI3" address="%IW103">
              <type>
                <WORD/>
              </type>
            </variable>
            <variable name="AI4" address="%IW104">
              <type>
                <WORD/>
              </type>
            </variable>
          </localVars>
        </interface>
        <body>
          <ST>
            <xhtml:p><![CDATA[IF AI1 > 2500 THEN
  K1 := 1;
ELSE
  K1 := 0;
END_IF;]]></xhtml:p>
          </ST>
        </body>
      </pou>
    </pous>
  </types>
  <instances>
    <configurations>
      <configuration name="Config0">
        <resource name="Res0">
          <task name="task0" priority="0" interval="T#20ms">
            <pouInstance name="instance0" typeName="program0"/>
          </task>
        </resource>
      </configuration>
    </configurations>
  </instances>
</project>
